recipe_id,name,aliases,meal_type,region,diet,is_vegan,tags,servings,serving_g,energy_kcal_per_serving,protein_g_per_serving,fat_g_per_serving,carbs_g_per_serving,fibre_g_per_serving,energy_kcal_per_100g,protein_g_per_100g,fat_g_per_100g,carbs_g_per_100g,raw_weight_total_g,ingredient_count,source,ingredients_text
R0001,Idli (3 idlis),idly; steamed rice cake,breakfast,South Indian,veg,1,low-calorie low-fat vegan,5,120,138,4.6,0.3,30.6,2.3,115,3.9,0.3,25.5,200,2,CaliPartner original recipe; macros calculated from foods.csv,"Rice, parboiled, milled 150g; Black gram, dal 50g"
R0002,Plain dosa (2 dosas),dosa; dosai,breakfast,South Indian,veg,1,low-calorie low-fat vegan,4,120,195,5.8,2.9,38.2,2.9,162,4.8,2.4,31.8,210,3,CaliPartner original recipe; macros calculated from foods.csv,"Rice, parboiled, milled 150g; Black gram, dal 50g; Sunflower oil 10g"
R0003,Masala dosa (1 dosa),masala dosai; potato dosa,breakfast,South Indian,veg,1,low-fat vegan,4,250,300,7.6,7.3,54.7,5.2,120,3.1,2.9,21.9,643,9,CaliPartner original recipe; macros calculated from foods.csv,"Rice, parboiled, milled 150g; Black gram, dal 50g; Sunflower oil 25g; Potato, brown skin, big 300g; Onion, big 100g; Mustard seeds 3g; Curry leaves 3g; Turmeric powder 2g; Chillies, green - all varieties 10g"
R0004,Uttapam (1 piece),uthappam,breakfast,South Indian,veg,1,low-calorie low-fat vegan,1,130,204,5.4,5.5,35.8,3.7,157,4.2,4.2,27.5,108,6,CaliPartner original recipe; macros calculated from foods.csv,"Rice, parboiled, milled 30g; Black gram, dal 10g; Onion, big 30g; Tomato, ripe, hybrid 30g; Sunflower oil 5g; Coriander leaves 3g"
R0005,Pesarattu (2 pieces),moong dosa; pesarattu upma,breakfast,Andhra,veg,1,high-fibre low-fat vegan,2,150,265,13.3,7.0,42.1,6.3,176,8.9,4.7,28.1,203,7,CaliPartner original recipe; macros calculated from foods.csv,"Green gram, dal 100g; Rice, raw, milled 15g; Ginger, fresh 8g; Chillies, green - all varieties 6g; Cumin seeds 2g; Onion, big 60g; Sunflower oil 12g"
R0006,Ragi dosa (2 dosas),ragi dosai; finger millet dosa,breakfast,South Indian,veg,1,low-calorie low-fat vegan,2,120,205,3.8,4.8,40.5,5.0,171,3.2,4.0,33.8,128,4,CaliPartner original recipe; macros calculated from foods.csv,"Ragi 80g; Rice, raw, milled 20g; Sunflower oil 8g; Onion, big 20g"
R0007,Rava upma,upma; uppittu,breakfast,South Indian,veg,1,high-fibre vegan,2,250,281,8.4,8.5,49.2,8.0,112,3.4,3.4,19.7,258,9,CaliPartner original recipe; macros calculated from foods.csv,"Wheat, semolina 100g; Sunflower oil 12g; Onion, big 60g; Carrot, orange 40g; Peas, fresh 30g; Mustard seeds 3g; Curry leaves 2g; Chillies, green - all varieties 5g; Cashew nut 6g"
R0008,Poha,aval; flattened rice; kanda poha,breakfast,West Indian,veg,1,vegan,2,200,284,6.2,10.3,44.4,4.2,142,3.1,5.1,22.2,258,10,CaliPartner original recipe; macros calculated from foods.csv,"Rice flakes 80g; Sunflower oil 12g; Onion, big 80g; Potato, brown skin, big 50g; Ground nut 15g; Mustard seeds 3g; Turmeric powder 1g; Curry leaves 2g; Chillies, green - all varieties 5g; Lemon, juice 10g"
R0009,Ven pongal,khara pongal; pongal,breakfast,South Indian,veg,0,,3,300,282,7.8,11.1,40.1,3.4,94,2.6,3.7,13.4,203,8,CaliPartner original recipe; macros calculated from foods.csv,"Rice, raw, milled 100g; Green gram, dal 50g; Ghee 25g; Cashew nut 15g; Pepper, black 2g; Cumin seeds 2g; Ginger, fresh 6g; Curry leaves 3g"
R0010,Besan chilla (2 pieces),besan cheela; gram flour pancake,breakfast,North Indian,veg,1,high-fibre vegan,2,150,256,11.9,8.5,33.2,6.7,171,7.9,5.7,22.1,206,7,CaliPartner original recipe; macros calculated from foods.csv,"Gram flour (besan) 100g; Onion, big 40g; Tomato, ripe, hybrid 40g; Chillies, green - all varieties 5g; Sunflower oil 10g; Coriander leaves 10g; Turmeric powder 1g"
R0011,Oats porridge with milk,oatmeal; oats with milk,breakfast,Global,veg,0,,1,300,298,11.8,11.6,37.0,4.0,99,3.9,3.9,12.3,240,2,CaliPartner original recipe; macros calculated from foods.csv,"Oats, rolled, dry 40g; Milk, whole, Cow 200g"
R0012,Overnight oats with banana,overnight oats,breakfast,Global,veg,0,high-fibre,1,300,412,13.8,11.8,64.6,6.0,137,4.6,3.9,21.5,310,5,CaliPartner original recipe; macros calculated from foods.csv,"Oats, rolled, dry 50g; Milk, whole, Cow 150g; Curd / yogurt, plain, whole milk 50g; Honey 10g; Banana, ripe, robusta 50g"
R0013,Egg bhurji (2 eggs),anda bhurji; scrambled eggs indian,breakfast,North Indian,egg,0,high-protein low-calorie,1,160,220,14.1,16.3,5.6,1.5,138,8.8,10.2,3.5,173,6,CaliPartner original recipe; macros calculated from foods.csv,"Egg, poultry, whole, raw 100g; Onion, big 30g; Tomato, ripe, hybrid 30g; Sunflower oil 7g; Chillies, green - all varieties 3g; Coriander leaves 3g"
R0014,Masala omelette (2 eggs),omelette; omlet,breakfast,Indian,egg,0,high-protein low-calorie,1,140,200,13.7,15.2,2.8,0.7,143,9.8,10.9,2.0,131,5,CaliPartner original recipe; macros calculated from foods.csv,"Egg, poultry, whole, raw 100g; Onion, big 20g; Sunflower oil 6g; Chillies, green - all varieties 2g; Coriander leaves 3g"
R0015,Egg white omelette (4 whites),egg white omelette,breakfast,Global,egg,0,high-protein low-calorie low-fat,1,170,110,13.5,5.2,2.8,0.7,65,7.9,3.0,1.7,150,5,CaliPartner original recipe; macros calculated from foods.csv,"Egg, poultry, white, raw 120g; Onion, big 20g; Sunflower oil 5g; Chillies, green - all varieties 2g; Coriander leaves 3g"
R0016,Plain paratha (1),paratha; parota,breakfast,North Indian,veg,1,high-fibre vegan,1,90,296,7.4,9.1,52.9,8.0,329,8.2,10.1,58.7,78,2,CaliPartner original recipe; macros calculated from foods.csv,"Wheat flour, atta 70g; Sunflower oil 8g"
R0017,Aloo paratha (1),potato paratha,breakfast,North Indian,veg,1,high-fibre vegan,1,140,377,9.0,11.3,67.9,9.8,269,6.4,8.1,48.5,176,6,CaliPartner original recipe; macros calculated from foods.csv,"Wheat flour, atta 70g; Potato, brown skin, big 80g; Sunflower oil 10g; Onion, big 10g; Chillies, green - all varieties 3g; Coriander leaves 3g"
R0018,Paneer paratha (1),paneer stuffed paratha,breakfast,North Indian,veg,0,high-fibre,1,135,449,17.1,18.5,60.5,8.3,332,12.7,13.7,44.8,143,5,CaliPartner original recipe; macros calculated from foods.csv,"Wheat flour, atta 70g; Paneer 50g; Sunflower oil 10g; Onion, big 10g; Coriander leaves 3g"
R0019,Methi thepla (1),thepla; fenugreek flatbread,breakfast,Gujarati,veg,0,low-calorie low-fat,1,55,169,5.6,5.4,28.5,5.4,307,10.2,9.8,51.8,75,6,CaliPartner original recipe; macros calculated from foods.csv,"Wheat flour, atta 30g; Gram flour (besan) 5g; Fenugreek leaves 25g; Curd / yogurt, plain, whole milk 10g; Sunflower oil 4g; Turmeric powder 1g"
R0020,Medu vada (2 vadas),vada; ulundu vada; garelu,breakfast,South Indian,veg,1,low-calorie high-fibre vegan,1,90,249,11.0,10.9,32.0,6.7,277,12.2,12.1,35.5,79,7,CaliPartner original recipe; macros calculated from foods.csv,"Black gram, dal 45g; Onion, big 15g; Chillies, green - all varieties 3g; Curry leaves 2g; Pepper, black 1g; Ginger, fresh 3g; Sunflower oil 10g"
R0021,Veg sandwich (2 slices),vegetable sandwich,breakfast,Indian,veg,0,low-calorie low-fat,2,110,208,5.8,6.2,32.8,2.6,189,5.3,5.6,29.8,230,5,CaliPartner original recipe; macros calculated from foods.csv,"Bread, white 120g; Butter, salted 10g; Tomato, ripe, hybrid 40g; Cucumber, green, elongate 40g; Onion, big 20g"
R0022,Egg sandwich,egg sandwich,breakfast,Global,egg,0,,1,110,263,12.0,10.6,29.5,1.6,239,10.9,9.7,26.8,115,3,CaliPartner original recipe; macros calculated from foods.csv,"Bread, white 60g; Egg, poultry, whole, raw 50g; Butter, salted 5g"
R0023,Toor dal tadka,dal tadka; dal fry; arhar dal,main,North Indian,veg,1,low-calorie low-fat vegan,4,250,169,7.5,5.8,25.1,4.5,67,3.0,2.3,10.0,357,11,CaliPartner original recipe; macros calculated from foods.csv,"Red gram, dal 120g; Onion, big 80g; Tomato, ripe, hybrid 100g; Sunflower oil 20g; Garlic, big clove 10g; Ginger, fresh 5g; Cumin seeds 3g; Turmeric powder 2g; Chillies, red 2g; Chillies, green - all varieties 5g; Coriander leaves 10g"
R0024,Moong dal tadka,yellow dal; moong dal fry,main,North Indian,veg,1,low-calorie low-fat vegan,4,250,162,8.0,5.7,23.1,4.1,65,3.2,2.3,9.2,310,9,CaliPartner original recipe; macros calculated from foods.csv,"Green gram, dal 120g; Onion, big 60g; Tomato, ripe, hybrid 80g; Sunflower oil 20g; Garlic, big clove 10g; Cumin seeds 3g; Turmeric powder 2g; Chillies, green - all varieties 5g; Coriander leaves 10g"
R0025,Tomato pappu,andhra dal; tomato dal; pappu,main,Andhra,veg,1,low-calorie low-fat vegan,4,250,163,7.8,4.8,26.2,5.0,65,3.1,1.9,10.5,479,12,CaliPartner original recipe; macros calculated from foods.csv,"Red gram, dal 120g; Tomato, ripe, hybrid 250g; Onion, big 60g; Sunflower oil 15g; Garlic, big clove 8g; Mustard seeds 2g; Cumin seeds 2g; Turmeric powder 2g; Chillies, red 2g; Chillies, green - all varieties 5g; Curry leaves 3g; Coriander leaves 10g"
R0026,Dal makhani,dal makhani,main,North Indian,veg,0,low-calorie high-fibre,4,250,198,7.9,9.8,26.0,7.6,79,3.2,3.9,10.4,468,10,CaliPartner original recipe; macros calculated from foods.csv,"Black gram, whole 100g; Rajmah, brown 20g; Butter, salted 30g; Tomato, ripe, hybrid 150g; Onion, big 80g; Garlic, big clove 15g; Ginger, fresh 10g; Sunflower oil 10g; Milk, whole, Cow 50g; Chillies, red 3g"
R0027,Chana masala,chole; chickpea curry,main,North Indian,veg,1,high-fibre vegan,4,250,255,11.1,10.7,42.9,16.0,102,4.5,4.3,17.2,633,11,CaliPartner original recipe; macros calculated from foods.csv,"Bengal gram, whole 200g; Onion, big 150g; Tomato, ripe, hybrid 200g; Sunflower oil 30g; Ginger, fresh 15g; Garlic, big clove 15g; Cumin seeds 3g; Coriander seeds 5g; Turmeric powder 2g; Chillies, red 3g; Coriander leaves 10g"
R0028,Rajma masala,rajma; kidney bean curry,main,North Indian,veg,1,high-fibre vegan,4,250,257,11.3,9.0,42.7,11.6,103,4.5,3.6,17.1,613,10,CaliPartner original recipe; macros calculated from foods.csv,"Rajmah, brown 200g; Onion, big 150g; Tomato, ripe, hybrid 200g; Sunflower oil 30g; Ginger, fresh 10g; Garlic, big clove 10g; Cumin seeds 3g; Coriander seeds 5g; Turmeric powder 2g; Chillies, red 3g"
R0029,Sambar,sambhar; sambar,main,South Indian,veg,1,low-calorie high-fibre low-fat vegan,4,200,140,6.0,4.3,25.4,7.3,70,3.0,2.1,12.7,510,14,CaliPartner original recipe; macros calculated from foods.csv,"Red gram, dal 70g; Onion, big 80g; Tomato, ripe, hybrid 100g; Drumstick 80g; Brinjal - all varieties 80g; Carrot, orange 50g; Tamarind, pulp 15g; Sunflower oil 12g; Mustard seeds 2g; Coriander seeds 10g; Chillies, red 4g; Fenugreek seeds 2g; Turmeric powder 2g; Curry leaves 3g"
R0030,Rasam,charu; pappu charu; saaru,main,South Indian,veg,1,low-calorie low-fat vegan,4,150,54,1.8,2.4,7.7,1.7,36,1.2,1.6,5.2,204,10,CaliPartner original recipe; macros calculated from foods.csv,"Red gram, dal 20g; Tomato, ripe, hybrid 150g; Tamarind, pulp 8g; Pepper, black 2g; Cumin seeds 2g; Garlic, big clove 6g; Sunflower oil 8g; Mustard seeds 1g; Curry leaves 2g; Coriander leaves 5g"
R0031,Coconut chutney,kobbari pachadi; chutney,side,South Indian,veg,1,low-calorie vegan,4,40,104,1.5,9.8,5.5,2.7,261,3.7,24.5,13.7,111,7,CaliPartner original recipe; macros calculated from foods.csv,"Coconut, kernel, fresh 80g; Chillies, green - all varieties 8g; Ginger, fresh 5g; Bengal gram, dal 10g; Mustard seeds 1g; Sunflower oil 5g; Curry leaves 2g"
R0032,Palak paneer,spinach paneer,main,North Indian,veg,0,low-calorie,4,220,243,13.0,15.1,17.2,4.0,111,5.9,6.9,7.8,908,10,CaliPartner original recipe; macros calculated from foods.csv,"Spinach 400g; Paneer 200g; Onion, big 100g; Tomato, ripe, hybrid 100g; Sunflower oil 25g; Garlic, big clove 12g; Ginger, fresh 10g; Cumin seeds 3g; Chillies, green - all varieties 8g; Milk, whole, Cow 50g"
R0033,Paneer butter masala,paneer makhani,main,North Indian,veg,0,,4,220,290,12.5,19.7,18.2,2.5,132,5.7,8.9,8.3,788,11,CaliPartner original recipe; macros calculated from foods.csv,"Paneer 200g; Tomato, ripe, hybrid 300g; Onion, big 100g; Butter, salted 30g; Cashew nut 20g; Milk, whole, Cow 100g; Garlic, big clove 10g; Ginger, fresh 10g; Sunflower oil 10g; Sugar, white 5g; Chillies, red 3g"
R0034,Kadai paneer,kadhai paneer,main,North Indian,veg,0,low-calorie,4,200,222,11.1,14.2,15.3,3.2,111,5.5,7.1,7.6,703,9,CaliPartner original recipe; macros calculated from foods.csv,"Paneer 200g; Capsicum, green 150g; Onion, big 100g; Tomato, ripe, hybrid 200g; Sunflower oil 25g; Ginger, fresh 10g; Garlic, big clove 10g; Coriander seeds 5g; Chillies, red 3g"
R0035,Matar paneer,peas paneer,main,North Indian,veg,0,low-calorie,4,220,223,11.8,12.2,20.9,5.2,101,5.4,5.6,9.5,700,9,CaliPartner original recipe; macros calculated from foods.csv,"Paneer 150g; Peas, fresh 200g; Onion, big 100g; Tomato, ripe, hybrid 200g; Sunflower oil 25g; Ginger, fresh 10g; Garlic, big clove 10g; Cumin seeds 3g; Turmeric powder 2g"
R0036,Paneer bhurji,paneer scramble,main,North Indian,veg,0,,2,150,272,15.1,17.3,15.5,1.7,181,10.0,11.5,10.3,317,7,CaliPartner original recipe; macros calculated from foods.csv,"Paneer 150g; Onion, big 60g; Tomato, ripe, hybrid 60g; Sunflower oil 12g; Capsicum, green 30g; Chillies, green - all varieties 4g; Turmeric powder 1g"
R0037,Aloo gobi,potato cauliflower dry curry,main,North Indian,veg,1,low-calorie low-fat vegan,4,180,137,3.3,7.1,19.5,5.4,76,1.8,4.0,10.8,751,9,CaliPartner original recipe; macros calculated from foods.csv,"Potato, brown skin, big 250g; Cauliflower 300g; Onion, big 80g; Tomato, ripe, hybrid 80g; Sunflower oil 25g; Cumin seeds 3g; Turmeric powder 2g; Ginger, fresh 8g; Coriander seeds 3g"
R0038,Aloo jeera,jeera aloo,main,North Indian,veg,1,low-calorie low-fat vegan,4,130,122,1.9,5.5,17.9,2.4,93,1.4,4.2,13.8,442,6,CaliPartner original recipe; macros calculated from foods.csv,"Potato, brown skin, big 400g; Sunflower oil 20g; Cumin seeds 5g; Turmeric powder 2g; Chillies, green - all varieties 5g; Coriander leaves 10g"
R0039,Bhindi masala,okra fry; vendakkai; bendakaya,main,North Indian,veg,1,low-calorie vegan,4,120,118,2.9,8.2,13.3,5.9,98,2.4,6.8,11.1,621,8,CaliPartner original recipe; macros calculated from foods.csv,"Ladies finger 400g; Onion, big 100g; Tomato, ripe, hybrid 80g; Sunflower oil 30g; Cumin seeds 3g; Turmeric powder 2g; Coriander seeds 4g; Chillies, red 2g"
R0040,Baingan bharta,vankaya; roasted brinjal,main,North Indian,veg,1,low-calorie high-fibre low-fat vegan,4,150,99,2.8,5.6,14.9,6.4,66,1.8,3.7,9.9,754,8,CaliPartner original recipe; macros calculated from foods.csv,"Brinjal - all varieties 500g; Onion, big 100g; Tomato, ripe, hybrid 100g; Sunflower oil 20g; Garlic, big clove 10g; Ginger, fresh 8g; Chillies, green - all varieties 6g; Coriander leaves 10g"
R0041,Mixed vegetable curry,veg curry; sabzi,main,Indian,veg,1,low-calorie high-fibre low-fat vegan,4,180,132,4.1,7.0,18.9,6.7,73,2.3,3.9,10.5,749,11,CaliPartner original recipe; macros calculated from foods.csv,"Carrot, orange 100g; French beans, hybrid 100g; Peas, fresh 80g; Cauliflower 150g; Potato, brown skin, big 100g; Onion, big 80g; Tomato, ripe, hybrid 100g; Sunflower oil 25g; Turmeric powder 2g; Coriander seeds 4g; Ginger, fresh 8g"
R0042,Lauki sabzi,bottle gourd curry; sorakaya,main,North Indian,veg,1,low-calorie low-fat vegan,4,130,62,1.2,4.1,8.3,3.7,48,0.9,3.2,6.4,660,6,CaliPartner original recipe; macros calculated from foods.csv,"Bottle gourd, elongate, pale green 500g; Onion, big 60g; Tomato, ripe, hybrid 80g; Sunflower oil 15g; Cumin seeds 3g; Turmeric powder 2g"
R0043,Soya chunks curry,meal maker curry; nutrela curry,main,Indian,veg,1,high-protein low-calorie high-fibre low-fat vegan,3,220,212,18.7,7.4,20.1,7.2,97,8.5,3.4,9.2,394,9,CaliPartner original recipe; macros calculated from foods.csv,"Soya chunks, dry 100g; Onion, big 100g; Tomato, ripe, hybrid 150g; Sunflower oil 20g; Ginger, fresh 8g; Garlic, big clove 8g; Coriander seeds 4g; Turmeric powder 2g; Chillies, red 2g"
R0044,Tofu vegetable stir-fry,tofu stir fry,main,Global,veg,1,high-protein high-fibre vegan,1,280,354,27.9,23.6,16.6,7.6,126,10.0,8.4,5.9,305,6,CaliPartner original recipe; macros calculated from foods.csv,"Tofu, firm 150g; Capsicum, green 60g; Onion, big 40g; Carrot, orange 40g; Sunflower oil 10g; Garlic, big clove 5g"
R0045,Steamed rice (1 katori cooked),plain rice; annam,main,Indian,veg,1,low-calorie low-fat vegan,1,150,196,4.4,0.3,44.6,1.5,131,2.9,0.2,29.7,155,2,CaliPartner original recipe; macros calculated from foods.csv,"Rice, raw, milled 55g; Water 100g"
R0046,Jeera rice,cumin rice,main,North Indian,veg,0,low-calorie low-fat,4,200,216,4.1,4.2,41.2,1.8,108,2.1,2.1,20.6,220,3,CaliPartner original recipe; macros calculated from foods.csv,"Rice, raw, milled 200g; Ghee 15g; Cumin seeds 5g"
R0047,Vegetable pulao,veg pulao,main,North Indian,veg,1,low-fat vegan,4,250,253,5.7,5.6,48.0,4.1,101,2.3,2.2,19.2,455,9,CaliPartner original recipe; macros calculated from foods.csv,"Rice, raw, milled 200g; Onion, big 80g; Carrot, orange 50g; Peas, fresh 50g; French beans, hybrid 50g; Sunflower oil 20g; Cumin seeds 3g; Cloves 1g; Cardamom, green 1g"
R0048,Khichdi,moong dal khichdi; pongal khichdi,main,Indian,veg,0,low-fat,3,300,278,10.8,5.8,48.9,4.6,93,3.6,1.9,16.3,225,6,CaliPartner original recipe; macros calculated from foods.csv,"Rice, raw, milled 100g; Green gram, dal 100g; Ghee 15g; Cumin seeds 3g; Turmeric powder 2g; Ginger, fresh 5g"
R0049,Curd rice,perugu annam; thayir sadam,main,South Indian,veg,0,,2,300,348,9.9,9.9,56.2,2.2,116,3.3,3.3,18.7,419,8,CaliPartner original recipe; macros calculated from foods.csv,"Rice, raw, milled 120g; Curd / yogurt, plain, whole milk 180g; Milk, whole, Cow 100g; Sunflower oil 8g; Mustard seeds 2g; Curry leaves 2g; Ginger, fresh 3g; Chillies, green - all varieties 4g"
R0050,Lemon rice,chitranna; nimmakaya pulihora,main,South Indian,veg,1,vegan,3,250,386,8.6,13.3,59.5,3.8,154,3.5,5.3,23.8,318,9,CaliPartner original recipe; macros calculated from foods.csv,"Rice, raw, milled 200g; Ground nut 30g; Sunflower oil 25g; Mustard seeds 3g; Curry leaves 3g; Chillies, green - all varieties 8g; Lemon, juice 40g; Turmeric powder 1g; Bengal gram, dal 8g"
R0051,Tomato rice,tomato bath,main,South Indian,veg,1,vegan,3,280,353,6.8,9.3,63.7,4.7,126,2.4,3.3,22.7,637,8,CaliPartner original recipe; macros calculated from foods.csv,"Rice, raw, milled 200g; Tomato, ripe, hybrid 300g; Onion, big 100g; Sunflower oil 25g; Mustard seeds 2g; Curry leaves 3g; Chillies, green - all varieties 6g; Turmeric powder 1g"
R0052,Tamarind rice,pulihora; puliyodarai,main,South Indian,veg,1,vegan,3,250,432,9.2,14.3,69.9,4.8,173,3.7,5.7,28.0,318,9,CaliPartner original recipe; macros calculated from foods.csv,"Rice, raw, milled 200g; Tamarind, pulp 40g; Sunflower oil 28g; Ground nut 30g; Mustard seeds 3g; Bengal gram, dal 10g; Curry leaves 3g; Chillies, red 3g; Turmeric powder 1g"
R0053,Vegetable biryani,veg biryani,main,Hyderabadi,veg,0,high-fibre,4,300,424,9.1,15.2,67.9,6.8,141,3.0,5.1,22.6,928,16,CaliPartner original recipe; macros calculated from foods.csv,"Rice, raw, milled 250g; Onion, big 120g; Carrot, orange 60g; Peas, fresh 60g; French beans, hybrid 60g; Cauliflower 100g; Potato, brown skin, big 100g; Curd / yogurt, plain, whole milk 80g; Sunflower oil 40g; Ghee 15g; Ginger, fresh 10g; Garlic, big clove 10g; Mint leaves 10g; Coriander leaves 10g; Cardamom, green 2g; Cloves 1g"
R0054,Egg biryani,anda biryani,main,Hyderabadi,egg,0,,4,300,423,13.5,15.8,59.2,3.8,141,4.5,5.3,19.7,863,12,CaliPartner original recipe; macros calculated from foods.csv,"Rice, raw, milled 250g; Egg, poultry, whole, raw 200g; Onion, big 150g; Tomato, ripe, hybrid 100g; Curd / yogurt, plain, whole milk 80g; Sunflower oil 40g; Ginger, fresh 10g; Garlic, big clove 10g; Mint leaves 10g; Coriander leaves 10g; Cardamom, green 2g; Cloves 1g"
R0055,Chicken biryani,hyderabadi chicken dum biryani; kodi biryani,main,Hyderabadi,non-veg,0,high-protein,5,350,590,25.2,29.5,58.9,4.4,168,7.2,8.4,16.8,1360,16,CaliPartner original recipe; macros calculated from foods.csv,"Rice, raw, milled 300g; Chicken, poultry, thigh, skinless 500g; Onion, big 200g; Tomato, ripe, hybrid 100g; Curd / yogurt, plain, whole milk 100g; Sunflower oil 50g; Ghee 20g; Ginger, fresh 20g; Garlic, big clove 20g; Mint leaves 15g; Coriander leaves 15g; Chillies, green - all varieties 10g; Cardamom, green 2g; Cloves 1g; Turmeric powder 2g; Chillies, red 5g"
R0056,Mutton biryani,goat biryani; mamsam biryani,main,Hyderabadi,non-veg,0,high-protein,5,350,546,29.0,23.2,58.0,4.1,156,8.3,6.6,16.6,1260,15,CaliPartner original recipe; macros calculated from foods.csv,"Rice, raw, milled 300g; Goat, legs 500g; Onion, big 200g; Curd / yogurt, plain, whole milk 100g; Sunflower oil 50g; Ghee 20g; Ginger, fresh 20g; Garlic, big clove 20g; Mint leaves 15g; Coriander leaves 15g; Chillies, green - all varieties 10g; Cardamom, green 2g; Cloves 1g; Turmeric powder 2g; Chillies, red 5g"
R0057,Chicken curry,kodi kura; murgh curry; andhra chicken curry,main,Indian,non-veg,0,high-protein,4,250,391,24.7,28.6,12.3,3.8,156,9.9,11.4,4.9,995,11,CaliPartner original recipe; macros calculated from foods.csv,"Chicken, poultry, thigh, skinless 500g; Onion, big 200g; Tomato, ripe, hybrid 200g; Sunflower oil 40g; Ginger, fresh 15g; Garlic, big clove 15g; Coriander seeds 6g; Turmeric powder 2g; Chillies, red 4g; Coriander leaves 10g; Cumin seeds 3g"
R0058,Butter chicken,murgh makhani,main,North Indian,non-veg,0,high-protein,4,250,452,26.6,34.4,11.9,2.5,181,10.6,13.8,4.7,1163,11,CaliPartner original recipe; macros calculated from foods.csv,"Chicken, poultry, thigh, skinless 500g; Tomato, ripe, hybrid 300g; Butter, salted 40g; Cashew nut 25g; Milk, whole, Cow 100g; Curd / yogurt, plain, whole milk 60g; Sunflower oil 15g; Onion, big 100g; Ginger, fresh 10g; Garlic, big clove 10g; Chillies, red 3g"
R0059,Andhra chicken fry,kodi vepudu; chicken fry,main,Andhra,non-veg,0,high-protein,4,180,368,23.9,28.2,7.0,2.4,205,13.3,15.7,3.9,689,10,CaliPartner original recipe; macros calculated from foods.csv,"Chicken, poultry, thigh, skinless 500g; Onion, big 100g; Sunflower oil 40g; Ginger, fresh 15g; Garlic, big clove 15g; Chillies, red 6g; Turmeric powder 2g; Curry leaves 5g; Coriander seeds 4g; Pepper, black 2g"
R0060,Chicken tikka,grilled chicken tikka,main,North Indian,non-veg,0,high-protein low-calorie,4,130,218,29.4,9.2,2.8,0.6,168,22.6,7.1,2.2,659,7,CaliPartner original recipe; macros calculated from foods.csv,"Chicken breast, raw, skinless (lean) 500g; Curd / yogurt, plain, whole milk 100g; Sunflower oil 20g; Ginger, fresh 10g; Garlic, big clove 10g; Chillies, red 4g; Lemon, juice 15g"
R0061,Tandoori chicken,tandoori murgh,main,North Indian,non-veg,0,high-protein,4,150,373,28.7,27.5,3.2,0.7,248,19.1,18.3,2.1,785,7,CaliPartner original recipe; macros calculated from foods.csv,"Chicken, poultry, thigh, skinless 600g; Curd / yogurt, plain, whole milk 120g; Sunflower oil 20g; Lemon, juice 20g; Ginger, fresh 10g; Garlic, big clove 10g; Chillies, red 5g"
R0062,Chicken 65,chicken sixty five,snack,South Indian,non-veg,0,high-protein,4,130,355,21.0,28.1,5.4,1.4,273,16.1,21.6,4.2,565,9,CaliPartner original recipe; macros calculated from foods.csv,"Chicken, poultry, thigh, skinless 400g; Gram flour (besan) 20g; Curd / yogurt, plain, whole milk 40g; Egg, poultry, whole, raw 25g; Sunflower oil 50g; Ginger, fresh 10g; Garlic, big clove 10g; Chillies, red 5g; Curry leaves 5g"
R0063,Egg curry,kodi guddu pulusu; anda curry,main,Indian,egg,0,,3,250,275,15.2,19.8,12.4,3.7,110,6.1,7.9,5.0,709,9,CaliPartner original recipe; macros calculated from foods.csv,"Egg, poultry, whole, raw 300g; Onion, big 150g; Tomato, ripe, hybrid 200g; Sunflower oil 30g; Ginger, fresh 10g; Garlic, big clove 10g; Coriander seeds 4g; Turmeric powder 2g; Chillies, red 3g"
R0064,Fish curry (rohu),chepala pulusu; machher jhol,main,Indian,non-veg,0,high-protein,4,220,276,26.3,15.1,11.6,3.6,125,11.9,6.9,5.3,856,10,CaliPartner original recipe; macros calculated from foods.csv,"Rohu 500g; Onion, big 100g; Tomato, ripe, hybrid 150g; Sunflower oil 30g; Tamarind, pulp 15g; Coconut, kernel, fresh 40g; Garlic, big clove 10g; Turmeric powder 2g; Chillies, red 4g; Coriander seeds 5g"
R0065,Fish fry (pan-fried),chepala vepudu; masala fish fry,main,Indian,non-veg,0,high-protein,3,130,261,25.6,17.0,1.3,0.6,201,19.7,13.1,1.0,451,5,CaliPartner original recipe; macros calculated from foods.csv,"Pomfret, white 400g; Sunflower oil 30g; Chillies, red 4g; Turmeric powder 2g; Lemon, juice 15g"
R0066,Prawn masala,royyala iguru; shrimp curry,main,Andhra,non-veg,0,high-protein low-calorie,3,200,249,27.1,11.0,9.3,2.6,124,13.6,5.5,4.6,679,9,CaliPartner original recipe; macros calculated from foods.csv,"Prawns, big 400g; Onion, big 120g; Tomato, ripe, hybrid 100g; Sunflower oil 30g; Ginger, fresh 10g; Garlic, big clove 10g; Turmeric powder 2g; Chillies, red 4g; Curry leaves 3g"
R0067,Mutton curry,mutton masala; goat curry; mamsam kura,main,Indian,non-veg,0,high-protein,4,220,336,29.3,20.5,11.3,3.4,153,13.3,9.3,5.2,933,9,CaliPartner original recipe; macros calculated from foods.csv,"Goat, legs 500g; Onion, big 200g; Tomato, ripe, hybrid 150g; Sunflower oil 40g; Ginger, fresh 15g; Garlic, big clove 15g; Turmeric powder 2g; Chillies, red 5g; Coriander seeds 6g"
R0068,Grilled chicken salad,chicken salad,main,Global,non-veg,0,high-protein,1,350,316,35.3,14.4,10.7,3.5,90,10.1,4.1,3.1,355,6,CaliPartner original recipe; macros calculated from foods.csv,"Chicken breast, raw, skinless (lean) 150g; Cucumber, green, elongate 80g; Tomato, ripe, hybrid 80g; Onion, big 20g; Olive oil 10g; Lemon, juice 15g"
R0069,Chicken and rice bowl (gym meal),chicken rice bowl; bulking meal,main,Global,non-veg,0,high-protein high-fibre,1,400,564,41.6,12.7,73.1,6.4,141,10.4,3.2,18.3,338,5,CaliPartner original recipe; macros calculated from foods.csv,"Chicken breast, raw, skinless (lean) 150g; Rice, raw, milled 80g; Sunflower oil 8g; Carrot, orange 50g; French beans, hybrid 50g"
R0070,Chicken soup,clear chicken soup,snack,Indian,non-veg,0,high-protein low-calorie low-fat,1,300,199,24.0,7.9,9.5,3.7,66,8.0,2.6,3.2,205,5,CaliPartner original recipe; macros calculated from foods.csv,"Chicken breast, raw, skinless (lean) 100g; Carrot, orange 40g; French beans, hybrid 30g; Onion, big 30g; Sunflower oil 5g"
R0071,Tomato soup,tamatar soup,snack,Indian,veg,0,low-calorie low-fat,2,250,65,1.4,3.7,9.3,2.9,26,0.6,1.5,3.7,339,4,CaliPartner original recipe; macros calculated from foods.csv,"Tomato, ripe, hybrid 300g; Onion, big 30g; Butter, salted 8g; Pepper, black 1g"
R0072,Sprouts salad,moong sprouts chaat,snack,Indian,veg,1,high-protein low-calorie high-fibre low-fat vegan,1,200,120,7.8,0.6,26.2,7.1,60,3.9,0.3,13.1,140,5,CaliPartner original recipe; macros calculated from foods.csv,"Green gram, whole 30g; Onion, big 30g; Tomato, ripe, hybrid 40g; Cucumber, green, elongate 30g; Lemon, juice 10g"
R0073,Fruit salad,mixed fruit bowl,snack,Global,veg,1,low-calorie low-fat vegan,2,200,128,1.7,0.7,32.6,5.0,64,0.8,0.3,16.3,450,5,CaliPartner original recipe; macros calculated from foods.csv,"Banana, ripe, robusta 100g; Apple, big 100g; Papaya, ripe 100g; Pomegranate, maroon seeds 50g; Orange, pulp 100g"
R0074,Samosa (1 piece),aloo samosa,snack,North Indian,veg,1,vegan,1,90,284,5.9,10.6,43.1,3.1,315,6.6,11.8,47.9,121,5,CaliPartner original recipe; macros calculated from foods.csv,"Wheat flour, refined 40g; Potato, brown skin, big 60g; Peas, fresh 10g; Sunflower oil 10g; Cumin seeds 1g"
R0075,Onion pakora,onion bhaji; pakoda; ulli pakodi,snack,North Indian,veg,1,vegan,2,110,277,7.6,17.2,23.7,4.7,252,6.9,15.6,21.6,199,5,CaliPartner original recipe; macros calculated from foods.csv,"Gram flour (besan) 60g; Onion, big 100g; Sunflower oil 30g; Chillies, green - all varieties 4g; Coriander leaves 5g"
R0076,Dhokla,khaman dhokla,snack,Gujarati,veg,0,low-calorie low-fat,4,100,191,9.4,6.0,24.4,4.2,191,9.4,6.0,24.4,272,6,CaliPartner original recipe; macros calculated from foods.csv,"Gram flour (besan) 150g; Curd / yogurt, plain, whole milk 100g; Sunflower oil 10g; Mustard seeds 2g; Chillies, green - all varieties 5g; Sugar, white 5g"
R0077,Bhel puri,bhelpuri,snack,West Indian,veg,1,low-fat vegan,1,120,268,6.3,5.5,49.8,3.7,224,5.2,4.6,41.5,129,7,CaliPartner original recipe; macros calculated from foods.csv,"Rice puffed 40g; Onion, big 20g; Tomato, ripe, hybrid 20g; Potato, brown skin, big 30g; Gram flour (besan) 10g; Tamarind, pulp 5g; Sunflower oil 4g"
R0078,Vada pav,wada pav,snack,West Indian,veg,1,vegan,1,130,330,8.2,14.5,42.0,4.2,254,6.3,11.2,32.3,150,5,CaliPartner original recipe; macros calculated from foods.csv,"Potato, brown skin, big 80g; Gram flour (besan) 15g; Sunflower oil 12g; Bread, white 40g; Chillies, green - all varieties 3g"
R0079,Pav bhaji (2 pav),pav bhaji,main,West Indian,veg,0,high-fibre,4,350,447,12.1,15.9,66.9,6.8,128,3.5,4.6,19.1,1110,8,CaliPartner original recipe; macros calculated from foods.csv,"Potato, brown skin, big 200g; Cauliflower 100g; Peas, fresh 60g; Tomato, ripe, hybrid 150g; Onion, big 100g; Capsicum, green 40g; Butter, salted 60g; Bread, white 400g"
R0080,Jowar roti (1),jolada rotti; sorghum roti,main,Indian,veg,1,low-calorie low-fat vegan,1,60,134,4.0,0.7,31.2,4.1,223,6.6,1.2,51.9,40,1,CaliPartner original recipe; macros calculated from foods.csv,Jowar 40g
R0081,Bajra roti (1),pearl millet roti,main,Indian,veg,1,low-calorie low-fat vegan,1,60,139,4.4,2.2,29.3,4.6,232,7.3,3.6,48.8,40,1,CaliPartner original recipe; macros calculated from foods.csv,Bajra 40g
R0082,Ragi mudde (1 ball),ragi sangati; finger millet ball,main,South Indian,veg,1,low-calorie low-fat vegan,2,200,160,3.6,1.0,39.0,5.6,80,1.8,0.5,19.5,100,1,CaliPartner original recipe; macros calculated from foods.csv,Ragi 100g
R0083,Roti with ghee (1),ghee chapati,main,Indian,veg,0,low-calorie low-fat,1,45,132,3.2,4.5,22.7,3.4,293,7.0,9.9,50.4,34,2,CaliPartner original recipe; macros calculated from foods.csv,"Wheat flour, atta 30g; Ghee 4g"
R0084,Banana milkshake,banana shake,drink,Global,veg,0,,1,350,326,9.4,11.5,47.9,1.9,93,2.7,3.3,13.7,360,3,CaliPartner original recipe; macros calculated from foods.csv,"Milk, whole, Cow 250g; Banana, ripe, robusta 100g; Sugar, white 10g"
R0085,"Protein shake (whey, milk, banana)",whey shake; gym shake,drink,Global,veg,0,high-protein,1,380,408,33.4,13.3,40.3,1.9,107,8.8,3.5,10.6,380,3,CaliPartner original recipe; macros calculated from foods.csv,"Whey protein powder (typical) 30g; Milk, whole, Cow 250g; Banana, ripe, robusta 100g"
R0086,Sweet lassi,lassi,drink,North Indian,veg,0,low-calorie low-fat,1,320,199,6.9,6.5,29.3,0.0,62,2.2,2.0,9.2,320,3,CaliPartner original recipe; macros calculated from foods.csv,"Curd / yogurt, plain, whole milk 200g; Water 100g; Sugar, white 20g"
R0087,Buttermilk (chaas),majjiga; moru; chaas,drink,Indian,veg,0,low-calorie low-fat,1,260,41,2.3,2.1,3.5,0.4,16,0.9,0.8,1.4,264,4,CaliPartner original recipe; macros calculated from foods.csv,"Curd / yogurt, plain, whole milk 60g; Water 200g; Cumin seeds 1g; Coriander leaves 3g"
R0088,Masala chai (milk tea),chai; tea with milk and sugar,drink,Indian,veg,0,low-calorie low-fat,1,200,140,4.9,6.7,15.4,0.0,70,2.4,3.4,7.7,208,3,CaliPartner original recipe; macros calculated from foods.csv,"Milk, whole, Cow 150g; Water 50g; Sugar, white 8g"
R0089,Coffee with milk and sugar,filter coffee,drink,Indian,veg,0,low-calorie low-fat,1,200,140,4.9,6.7,15.4,0.0,70,2.4,3.4,7.7,208,3,CaliPartner original recipe; macros calculated from foods.csv,"Milk, whole, Cow 150g; Water 50g; Sugar, white 8g"
R0090,Kheer (rice pudding),payasam; payasa,dessert,Indian,veg,0,,5,200,285,8.3,11.4,38.6,1.0,142,4.2,5.7,19.3,1176,6,CaliPartner original recipe; macros calculated from foods.csv,"Milk, whole, Cow 1000g; Rice, raw, milled 60g; Sugar, white 80g; Almond 20g; Raisins, dried, black 15g; Cardamom, green 1g"
R0091,Suji halwa,rava kesari; sheera,dessert,Indian,veg,0,,5,100,254,2.7,13.1,33.7,2.1,254,2.7,13.1,33.7,260,5,CaliPartner original recipe; macros calculated from foods.csv,"Wheat, semolina 100g; Ghee 60g; Sugar, white 80g; Raisins, dried, black 10g; Cashew nut 10g"
R0092,Besan ladoo (1),besan laddu,dessert,Indian,veg,0,low-calorie,1,40,206,4.5,11.3,21.6,2.2,515,11.2,28.3,53.9,40,3,CaliPartner original recipe; macros calculated from foods.csv,"Gram flour (besan) 20g; Ghee 10g; Sugar, white 10g"
R0093,Carrot halwa,gajar halwa,dessert,North Indian,veg,0,,5,150,304,6.4,16.4,37.2,4.3,203,4.3,10.9,24.8,1205,6,CaliPartner original recipe; macros calculated from foods.csv,"Carrot, orange 500g; Milk, whole, Cow 500g; Sugar, white 100g; Ghee 40g; Khoa 50g; Cashew nut 15g"